{
  "dataset_reader": {
    "type": "swag",
    "token_indexers": {
      "tokens": {
        "type": "single_id",
        "lowercase_tokens": false
      }
    },
    "use_only_gold_examples": true,
  },
  "train_data_path": "../../data/train.csv",
  "validation_data_path": "../../data/val.csv",
  "evaluate_on_test": false,
  "model": {
    "type": "esim_swag",
    "dropout": 0.5,
    "text_field_embedder": {
      "tokens": {
        "type": "embedding",
        "pretrained_file": "https://conceptnet.s3.amazonaws.com/downloads/2017/numberbatch/numberbatch-en-17.06.txt.gz",
        "embedding_dim": 300,
        "trainable": false
      }
    },
    "encoder": {
      "type": "lstm",
      "input_size": 300,
      "hidden_size": 300,
      "num_layers": 1,
      "bidirectional": true
    },
    "similarity_function": {"type": "dot_product"},
    "projection_feedforward": {
      "input_dim": 2400,
      "hidden_dims": 300,
      "num_layers": 1,
      "activations": "relu"
    },
    "inference_encoder": {
      "type": "lstm",
      "input_size": 300,
      "hidden_size": 300,
      "num_layers": 1,
      "bidirectional": true
    },
    "output_feedforward": {
      "input_dim": 2400,
      "num_layers": 1,
      "hidden_dims": 300,
      "activations": "relu",
      "dropout": 0.5
    },
    "output_logit": {
      "input_dim": 300,
      "num_layers": 1,
      "hidden_dims": 1,
      "activations": "linear"
    },
     "initializer": [
      [".*linear_layers.*weight", {"type": "xavier_uniform"}],
      [".*linear_layers.*bias", {"type": "constant", "val": 0}],
//      [".*weight_ih.*", {"type": "xavier_uniform"}], these should get initialized already!
//      [".*weight_hh.*", {"type": "orthogonal"}],
//      [".*bias_ih.*", {"type": "constant", "val": 0}],
//      [".*bias_hh.*", {"type": "constant", "val": 1}]
     ]
   },
  "iterator": {
    "type": "bucket",
    "sorting_keys": [["premise", "num_tokens"]],
    "batch_size": 32
  },
  "trainer": {
    "optimizer": {
        "type": "adam",
        "lr": 0.0004
    },
    "validation_metric": "+accuracy",
    "num_serialized_models_to_keep": 2,
    "num_epochs": 75,
    "grad_norm": 10.0,
    "patience": 5,
    "cuda_device": 0,
    "learning_rate_scheduler": {
      "type": "reduce_on_plateau",
      "factor": 0.5,
      "mode": "max",
      "patience": 0
    }
  }
}
