{
  "dataset_reader": {
    "type": "swag",
    "token_indexers": {
      "tokens": {
        "type": "single_id",
        "lowercase_tokens": true
      }
    },
    "use_only_gold_examples": true,
    "only_end": false,
  },
  "train_data_path": "../../data/train.csv",
  "validation_data_path": "../../data/val.csv",
  "test_data_path": "../../data/test.csv",
  "evaluate_on_test": true,
  "model": {
    "type": "lstm_swag",
    "text_field_embedder": {
      "tokens": {
        "type": "embedding",
        "pretrained_file": "https://conceptnet.s3.amazonaws.com/downloads/2017/numberbatch/numberbatch-en-17.06.txt.gz",
        "embedding_dim": 300,
        "trainable": false
      }
    },
    "encoder": {
      "type": "lstm",
      "input_size": 300,
      "hidden_size": 300,
      "num_layers": 2,
      "bidirectional": true
    }
   },
  "iterator": {
    "type": "bucket",
    "sorting_keys": [["hypothesis1", "num_tokens"]],
    "batch_size": 32
  },
  "trainer": {
    "optimizer": {
        "type": "adam",
        "lr": 0.001
    },
    "validation_metric": "+accuracy",
    "num_serialized_models_to_keep": 2,
    "num_epochs": 75,
    "grad_norm": 1.0,
    "patience": 5,
    "cuda_device": 0,
    "learning_rate_scheduler": {
      "type": "reduce_on_plateau",
      "factor": 0.5,
      "mode": "max",
      "patience": 0
    }
  }
}
