{
    "dataset_reader": {
        "type": "swag",
        "token_indexers": {
            "elmo": {
                "type": "elmo_characters"
            }
        },
        "tokenizer": {
            "end_tokens": [
                "@@NULL@@"
            ]
        },
        "use_only_gold_examples": true,
    },
  "train_data_path": "../../data/train.csv",
  "validation_data_path": "../../data/val.csv",
  "test_data_path": "../../data/test.csv",
  "evaluate_on_test": true,
    "model": {
        "type": "decomposable_attention_swag",
        "text_field_embedder": {
            "elmo": {
                "type": "elmo_token_embedder",
                "options_file": "https://s3-us-west-2.amazonaws.com/allennlp/models/elmo/2x4096_512_2048cnn_2xhighway/elmo_2x4096_512_2048cnn_2xhighway_options.json",
                "weight_file": "https://s3-us-west-2.amazonaws.com/allennlp/models/elmo/2x4096_512_2048cnn_2xhighway/elmo_2x4096_512_2048cnn_2xhighway_weights.hdf5",
                "do_layer_norm": false,
                "dropout": 0.5
            }
        },
        "attend_feedforward": {
            "input_dim": 1024,
            "num_layers": 2,
            "hidden_dims": 200,
            "activations": "relu",
            "dropout": 0.2
        },
        "similarity_function": {
            "type": "dot_product"
        },
        "compare_feedforward": {
            "input_dim": 2048,
            "num_layers": 2,
            "hidden_dims": 200,
            "activations": "relu",
            "dropout": 0.2
        },
        "aggregate_feedforward": {
            "input_dim": 400,
            "num_layers": 2,
            "hidden_dims": [
                200,
                1
            ],
            "activations": [
                "relu",
                "linear"
            ],
            "dropout": [
                0.2,
                0.0
            ]
        },
//        "preload_path": "snli-decomposable-attention/weights.th",
        "initializer": [
            [
                ".*linear_layers.*weight",
                {
                    "type": "xavier_normal"
                }
            ],
            [
                ".*token_embedder_tokens\\._projection.*weight",
                {
                    "type": "xavier_normal"
                }
            ]
        ]
    },
    "iterator": {
        "type": "bucket",
        "sorting_keys": [["premise", "num_tokens"]],
        "batch_size": 64
    },
    "trainer": {
        "num_epochs": 140,
        "patience": 20,
        "cuda_device": 0,
        "grad_clipping": 1.0,
        "validation_metric": "+accuracy",
        "optimizer": {
            "type": "adam",
            "lr": 0.001
        }
    }
}